Workbook

Sheet README
A1: VENDOR PAYMENT AGING DASHBOARD
A2: Project Documentation | Built by Aditi Goyal
A4: PROJECT OVERVIEW
A5: This Excel-based AP aging dashboard simulates a real-world vendor payment tracker for a
A6: logistics company. Built entirely on dynamic Excel formulas (no hardcoded summaries),
A7: the model auto-updates summary metrics when invoice register data changes.
A9: WORKBOOK STRUCTURE
A10: Sheet 1: README - Project documentation (this sheet)
A11: Sheet 2: Invoice_Register - Master AP data with 30 invoices, formula-driven aging
A12: Sheet 3: Aging_Dashboard - Bucket-wise summary using SUMIFS / COUNTIFS
A13: Sheet 4: Vendor_Summary - Vendor-wise consolidation using SUMIF
A14: Sheet 5: Category_Analysis - Spend analysis across vendor categories
... A43: created for portfolio demonstration. No real client or company data used.

Sheet Invoice_Register
A1: VENDOR PAYMENT AGING DASHBOARD — Invoice Register
A2: Source data | Today's reference date used for ageing | Formulas auto-calculate Outstanding, Days Overdue & Bucket
A4: # | B4: Vendor Name | C4: Vendor Category | D4: Invoice No. | E4: Invoice Date | F4: Due Date | G4: Invoice Amt (₹) | H4: Amount Paid (₹) | I4: Outstanding (₹) | J4: Status | K4: Days Overdue | L4: Aging Bucket
A5: 1 | B5: Blue Dart Express Ltd | C5: Courier & Express | D5: BD-2026-0341 | E5: 46027 | F5: 46057 | G5: 285000 | H5: 285000 | I5: =G5-H5 -> 0 | J5: =IF(I5=0,"PAID",IF(TODAY()<=F5,"CURRENT","OVERDUE")) -> PAID | K5: =IF(I5=0,0,MAX(0,TODAY()-F5)) -> 0 | L5: =IF(I5=0,"Paid",IF(K5<=30,"Current (0-30)",IF(K5<=60,"Overdue (31-60)",IF(K5<=90,"Critical (61-90)","Severe (90+)")))) -> Paid
A6: 2 | B6: DTDC Courier Services | C6: Courier & Express | D6: DT-2026-0892 | E6: 46034 | F6: 46064 | G6: 142500 | H6: 142500 | I6: =G6-H6 -> 0 | J6: =IF(I6=0,"PAID",IF(TODAY()<=F6,"CURRENT","OVERDUE")) -> PAID | K6: =IF(I6=0,0,MAX(0,TODAY()-F6)) -> 0 | L6: =IF(I6=0,"Paid",IF(K6<=30,"Current (0-30)",IF(K6<=60,"Overdue (31-60)",IF(K6<=90,"Critical (61-90)","Severe (90+)")))) -> Paid
A7: 3 | B7: Mahindra Logistics Ltd | C7: 3PL Partner | D7: ML-2026-1204 | E7: 46040 | F7: 46070 | G7: 520000 | H7: 520000 | I7: =G7-H7 -> 0 | J7: =IF(I7=0,"PAID",IF(TODAY()<=F7,"CURRENT","OVERDUE")) -> PAID | K7: =IF(I7=0,0,MAX(0,TODAY()-F7)) -> 0 | L7: =IF(I7=0,"Paid",IF(K7<=30,"Current (0-30)",IF(K7<=60,"Overdue (31-60)",IF(K7<=90,"Critical (61-90)","Severe (90+)")))) -> Paid
A8: 4 | B8: TCI Express Limited | C8: Surface Transport | D8: TC-2026-0567 | E8: 46044 | F8: 46074 | G8: 198000 | H8: 198000 | I8: =G8-H8 -> 0 | J8: =IF(I8=0,"PAID",IF(TODAY()<=F8,"CURRENT","OVERDUE")) -> PAID | K8: =IF(I8=0,0,MAX(0,TODAY()-F8)) -> 0 | L8: =IF(I8=0,"Paid",IF(K8<=30,"Current (0-30)",IF(K8<=60,"Overdue (31-60)",IF(K8<=90,"Critical (61-90)","Severe (90+)")))) -> Paid
A9: 5 | B9: Allcargo Logistics Ltd | C9: Freight Forwarding | D9: AL-2026-0223 | E9: 46055 | F9: 46085 | G9: 976000 | H9: 0 | I9: =G9-H9 -> 976000 | J9: =IF(I9=0,"PAID",IF(TODAY()<=F9,"CURRENT","OVERDUE")) -> OVERDUE | K9: =IF(I9=0,0,MAX(0,TODAY()-F9)) -> 58 | L9: =IF(I9=0,"Paid",IF(K9<=30,"Current (0-30)",IF(K9<=60,"Overdue (31-60)",IF(K9<=90,"Critical (61-90)","Severe (90+)")))) -> Overdue (31-60)
A10: 6 | B10: Delhivery Limited | C10: Last Mile Delivery | D10: DL-2026-1567 | E10: 46061 | F10: 46091 | G10: 534000 | H10: 0 | I10: =G10-H10 -> 534000 | J10: =IF(I10=0,"PAID",IF(TODAY()<=F10,"CURRENT","OVERDUE")) -> OVERDUE | K10: =IF(I10=0,0,MAX(0,TODAY()-F10)) -> 52 | L10: =IF(I10=0,"Paid",IF(K10<=30,"Current (0-30)",IF(K10<=60,"Overdue (31-60)",IF(K10<=90,"Critical (61-90)","Severe (90+)")))) -> Overdue (31-60)
A11: 7 | B11: Gati Limited | C11: Surface Transport | D11: GT-2026-0445 | E11: 46068 | F11: 46098 | G11: 312000 | H11: 312000 | I11: =G11-H11 -> 0 | J11: =IF(I11=0,"PAID",IF(TODAY()<=F11,"CURRENT","OVERDUE")) -> PAID | K11: =IF(I11=0,0,MAX(0,TODAY()-F11)) -> 0 | L11: =IF(I11=0,"Paid",IF(K11<=30,"Current (0-30)",IF(K11<=60,"Overdue (31-60)",IF(K11<=90,"Critical (61-90)","Severe (90+)")))) -> Paid
A12: 8 | B12: DB Schenker India Pvt Ltd | C12: Freight Forwarding | D12: DB-2026-0789 | E12: 46073 | F12: 46103 | G12: 890000 | H12: 890000 | I12: =G12-H12 -> 0 | J12: =IF(I12=0,"PAID",IF(TODAY()<=F12,"CURRENT","OVERDUE")) -> PAID | K12: =IF(I12=0,0,MAX(0,TODAY()-F12)) -> 0 | L12: =IF(I12=0,"Paid",IF(K12<=30,"Current (0-30)",IF(K12<=60,"Overdue (31-60)",IF(K12<=90,"Critical (61-90)","Severe (90+)")))) -> Paid
A13: 9 | B13: Spoton Logistics Pvt Ltd | C13: Surface Transport | D13: SP-2026-0334 | E13: 46078 | F13: 46108 | G13: 245000 | H13: 245000 | I13: =G13-H13 -> 0 | J13: =IF(I13=0,"PAID",IF(TODAY()<=F13,"CURRENT","OVERDUE")) -> PAID | K13: =IF(I13=0,0,MAX(0,TODAY()-F13)) -> 0 | L13: =IF(I13=0,"Paid",IF(K13<=30,"Current (0-30)",IF(K13<=60,"Overdue (31-60)",IF(K13<=90,"Critical (61-90)","Severe (90+)")))) -> Paid
A14: 10 | B14: FedEx Express | C14: Courier & Express | D14: FE-2026-1102 | E14: 46082 | F14: 46112 | G14: 178000 | H14: 178000 | I14: =G14-H14 -> 0 | J14: =IF(I14=0,"PAID",IF(TODAY()<=F14,"CURRENT","OVERDUE")) -> PAID | K14: =IF(I14=0,0,MAX(0,TODAY()-F14)) -> 0 | L14: =IF(I14=0,"Paid",IF(K14<=30,"Current (0-30)",IF(K14<=60,"Overdue (31-60)",IF(K14<=90,"Critical (61-90)","Severe (90+)")))) -> Paid
A15: 11 | B15: XpressBees Logistics | C15: Last Mile Delivery | D15: XP-2026-0667 | E15: 46086 | F15: 46116 | G15: 234500 | H15: 234500 | I15: =G15-H15 -> 0 | J15: =IF(I15=0,"PAID",IF(TODAY()<=F15,"CURRENT","OVERDUE")) -> PAID | K15: =IF(I15=0,0,MAX(0,TODAY()-F15)) -> 0 | L15: =IF(I15=0,"Paid",IF(K15<=30,"Current (0-30)",IF(K15<=60,"Overdue (31-60)",IF(K15<=90,"Critical (61-90)","Severe (90+)")))) -> Paid
A16: 12 | B16: Ecom Express Pvt Ltd | C16: Last Mile Delivery | D16: EC-2026-0445 | E16: 46089 | F16: 46119 | G16: 412000 | H16: 0 | I16: =G16-H16 -> 412000 | J16: =IF(I16=0,"PAID",IF(TODAY()<=F16,"CURRENT","OVERDUE")) -> OVERDUE | K16: =IF(I16=0,0,MAX(0,TODAY()-F16)) -> 24 | L16: =IF(I16=0,"Paid",IF(K16<=30,"Current (0-30)",IF(K16<=60,"Overdue (31-60)",IF(K16<=90,"Critical (61-90)","Severe (90+)")))) -> Current (0-30)
... A34: 30 | B34: Sical Logistics | C34: Surface Transport | D34: SI-2026-1989 | E34: 46137 | F34: 46167 | G34: 300000 | H34: 0 | I34: =G34-H34 -> 300000 | J34: =IF(I34=0,"PAID",IF(TODAY()<=F34,"CURRENT","OVERDUE")) -> CURRENT | K34: =IF(I34=0,0,MAX(0,TODAY()-F34)) -> 0 | L34: =IF(I34=0,"Paid",IF(K34<=30,"Current (0-30)",IF(K34<=60,"Overdue (31-60)",IF(K34<=90,"Critical (61-90)","Severe (90+)")))) -> Current (0-30)

Sheet Aging_Dashboard
A1: VENDOR PAYMENT AGING — Summary Dashboard
A2: All metrics auto-calculated via SUMIFS / COUNTIFS from Invoice_Register
A4: Total Invoices | C4: Total Invoice Value | E4: Total Amount Paid
A5: =COUNTA(Invoice_Register!B5:B34) -> 30 | C5: =SUM(Invoice_Register!G5:G34) -> 14173000 | E5: =SUM(Invoice_Register!H5:H34) -> 6511000
A7: Total Outstanding | C7: Overdue Invoices | E7: Paid Invoices
A8: =SUM(Invoice_Register!I5:I34) -> 7662000 | C8: =COUNTIF(Invoice_Register!J5:J34,"OVERDUE") -> 7 | E8: =COUNTIF(Invoice_Register!J5:J34,"PAID") -> 15
A11: AGING BUCKET ANALYSIS
A12: Aging Bucket | B12: Invoice Count | C12: Outstanding (₹) | D12: % of Outstanding | E12: Priority | F12: Recommended Action
A13: Paid | B13: =COUNTIF(Invoice_Register!L5:L34,"Paid") -> 15 | C13: =SUMIF(Invoice_Register!L5:L34,"Paid",Invoice_Register!I5:I34) -> 0 | D13: =IFERROR(C13/SUM($I$7),0) -> 0 | E13: LOW | F13: No action needed
A14: Current (0-30) | B14: =COUNTIF(Invoice_Register!L5:L34,"Current (0-30)") -> 13 | C14: =SUMIF(Invoice_Register!L5:L34,"Current (0-30)",Invoice_Register!I5:I34) -> 6152000 | D14: =IFERROR(C14/SUM($I$7),0) -> 0 | E14: MONITOR | F14: Track due dates closely
A15: Overdue (31-60) | B15: =COUNTIF(Invoice_Register!L5:L34,"Overdue (31-60)") -> 2 | C15: =SUMIF(Invoice_Register!L5:L34,"Overdue (31-60)",Invoice_Register!I5:I34) -> 1510000 | D15: =IFERROR(C15/SUM($I$7),0) -> 0 | E15: FOLLOW UP | F15: Initiate payment reminder
A16: Critical (61-90) | B16: =COUNTIF(Invoice_Register!L5:L34,"Critical (61-90)") -> 0 | C16: =SUMIF(Invoice_Register!L5:L34,"Critical (61-90)",Invoice_Register!I5:I34) -> 0 | D16: =IFERROR(C16/SUM($I$7),0) -> 0 | E16: ESCALATE | F16: Escalate to AP manager
A17: Severe (90+) | B17: =COUNTIF(Invoice_Register!L5:L34,"Severe (90+)") -> 0 | C17: =SUMIF(Invoice_Register!L5:L34,"Severe (90+)",Invoice_Register!I5:I34) -> 0 | D17: =IFERROR(C17/SUM($I$7),0) -> 0 | E17: URGENT | F17: Immediate escalation; review credit terms
A18: TOTAL | B18: =SUM(B13:B17) -> 30 | C18: =SUM(C13:C17) -> 7662000 | D18: =SUM(D13:D17) -> 0

Sheet Vendor_Summary
A1: VENDOR-WISE PAYMENT SUMMARY
A2: Consolidated view per vendor | All amounts pulled via SUMIF from Invoice_Register
A4: Vendor Name | B4: Category | C4: Total Invoiced (₹) | D4: Total Paid (₹) | E4: Outstanding (₹) | F4: Payment Status | G4: Health
A5: Blue Dart Express Ltd | B5: Courier & Express | C5: =SUMIF(Invoice_Register!B5:B34,A5,Invoice_Register!G5:G34) -> 285000 | D5: =SUMIF(Invoice_Register!B5:B34,A5,Invoice_Register!H5:H34) -> 285000 | E5: =C5-D5 -> 0 | F5: =IF(E5=0,"PAID",IF(D5=0,"UNPAID","PARTIAL")) -> PAID | G5: =IF(E5=0,"✓ CLEARED",IF(E5<300000,"⚠ MONITOR","⚠ CRITICAL")) -> ✓ CLEARED
A6: DTDC Courier Services | B6: Courier & Express | C6: =SUMIF(Invoice_Register!B5:B34,A6,Invoice_Register!G5:G34) -> 142500 | D6: =SUMIF(Invoice_Register!B5:B34,A6,Invoice_Register!H5:H34) -> 142500 | E6: =C6-D6 -> 0 | F6: =IF(E6=0,"PAID",IF(D6=0,"UNPAID","PARTIAL")) -> PAID | G6: =IF(E6=0,"✓ CLEARED",IF(E6<300000,"⚠ MONITOR","⚠ CRITICAL")) -> ✓ CLEARED
A7: Mahindra Logistics Ltd | B7: 3PL Partner | C7: =SUMIF(Invoice_Register!B5:B34,A7,Invoice_Register!G5:G34) -> 520000 | D7: =SUMIF(Invoice_Register!B5:B34,A7,Invoice_Register!H5:H34) -> 520000 | E7: =C7-D7 -> 0 | F7: =IF(E7=0,"PAID",IF(D7=0,"UNPAID","PARTIAL")) -> PAID | G7: =IF(E7=0,"✓ CLEARED",IF(E7<300000,"⚠ MONITOR","⚠ CRITICAL")) -> ✓ CLEARED
A8: TCI Express Limited | B8: Surface Transport | C8: =SUMIF(Invoice_Register!B5:B34,A8,Invoice_Register!G5:G34) -> 198000 | D8: =SUMIF(Invoice_Register!B5:B34,A8,Invoice_Register!H5:H34) -> 198000 | E8: =C8-D8 -> 0 | F8: =IF(E8=0,"PAID",IF(D8=0,"UNPAID","PARTIAL")) -> PAID | G8: =IF(E8=0,"✓ CLEARED",IF(E8<300000,"⚠ MONITOR","⚠ CRITICAL")) -> ✓ CLEARED
A9: Allcargo Logistics Ltd | B9: Freight Forwarding | C9: =SUMIF(Invoice_Register!B5:B34,A9,Invoice_Register!G5:G34) -> 976000 | D9: =SUMIF(Invoice_Register!B5:B34,A9,Invoice_Register!H5:H34) -> 0 | E9: =C9-D9 -> 976000 | F9: =IF(E9=0,"PAID",IF(D9=0,"UNPAID","PARTIAL")) -> UNPAID | G9: =IF(E9=0,"✓ CLEARED",IF(E9<300000,"⚠ MONITOR","⚠ CRITICAL")) -> ⚠ CRITICAL
A10: Delhivery Limited | B10: Last Mile Delivery | C10: =SUMIF(Invoice_Register!B5:B34,A10,Invoice_Register!G5:G34) -> 534000 | D10: =SUMIF(Invoice_Register!B5:B34,A10,Invoice_Register!H5:H34) -> 0 | E10: =C10-D10 -> 534000 | F10: =IF(E10=0,"PAID",IF(D10=0,"UNPAID","PARTIAL")) -> UNPAID | G10: =IF(E10=0,"✓ CLEARED",IF(E10<300000,"⚠ MONITOR","⚠ CRITICAL")) -> ⚠ CRITICAL
A11: Gati Limited | B11: Surface Transport | C11: =SUMIF(Invoice_Register!B5:B34,A11,Invoice_Register!G5:G34) -> 312000 | D11: =SUMIF(Invoice_Register!B5:B34,A11,Invoice_Register!H5:H34) -> 312000 | E11: =C11-D11 -> 0 | F11: =IF(E11=0,"PAID",IF(D11=0,"UNPAID","PARTIAL")) -> PAID | G11: =IF(E11=0,"✓ CLEARED",IF(E11<300000,"⚠ MONITOR","⚠ CRITICAL")) -> ✓ CLEARED
A12: DB Schenker India Pvt Ltd | B12: Freight Forwarding | C12: =SUMIF(Invoice_Register!B5:B34,A12,Invoice_Register!G5:G34) -> 890000 | D12: =SUMIF(Invoice_Register!B5:B34,A12,Invoice_Register!H5:H34) -> 890000 | E12: =C12-D12 -> 0 | F12: =IF(E12=0,"PAID",IF(D12=0,"UNPAID","PARTIAL")) -> PAID | G12: =IF(E12=0,"✓ CLEARED",IF(E12<300000,"⚠ MONITOR","⚠ CRITICAL")) -> ✓ CLEARED
A13: Spoton Logistics Pvt Ltd | B13: Surface Transport | C13: =SUMIF(Invoice_Register!B5:B34,A13,Invoice_Register!G5:G34) -> 245000 | D13: =SUMIF(Invoice_Register!B5:B34,A13,Invoice_Register!H5:H34) -> 245000 | E13: =C13-D13 -> 0 | F13: =IF(E13=0,"PAID",IF(D13=0,"UNPAID","PARTIAL")) -> PAID | G13: =IF(E13=0,"✓ CLEARED",IF(E13<300000,"⚠ MONITOR","⚠ CRITICAL")) -> ✓ CLEARED
A14: FedEx Express | B14: Courier & Express | C14: =SUMIF(Invoice_Register!B5:B34,A14,Invoice_Register!G5:G34) -> 178000 | D14: =SUMIF(Invoice_Register!B5:B34,A14,Invoice_Register!H5:H34) -> 178000 | E14: =C14-D14 -> 0 | F14: =IF(E14=0,"PAID",IF(D14=0,"UNPAID","PARTIAL")) -> PAID | G14: =IF(E14=0,"✓ CLEARED",IF(E14<300000,"⚠ MONITOR","⚠ CRITICAL")) -> ✓ CLEARED
A15: XpressBees Logistics | B15: Last Mile Delivery | C15: =SUMIF(Invoice_Register!B5:B34,A15,Invoice_Register!G5:G34) -> 234500 | D15: =SUMIF(Invoice_Register!B5:B34,A15,Invoice_Register!H5:H34) -> 234500 | E15: =C15-D15 -> 0 | F15: =IF(E15=0,"PAID",IF(D15=0,"UNPAID","PARTIAL")) -> PAID | G15: =IF(E15=0,"✓ CLEARED",IF(E15<300000,"⚠ MONITOR","⚠ CRITICAL")) -> ✓ CLEARED
A16: Ecom Express Pvt Ltd | B16: Last Mile Delivery | C16: =SUMIF(Invoice_Register!B5:B34,A16,Invoice_Register!G5:G34) -> 412000 | D16: =SUMIF(Invoice_Register!B5:B34,A16,Invoice_Register!H5:H34) -> 0 | E16: =C16-D16 -> 412000 | F16: =IF(E16=0,"PAID",IF(D16=0,"UNPAID","PARTIAL")) -> UNPAID | G16: =IF(E16=0,"✓ CLEARED",IF(E16<300000,"⚠ MONITOR","⚠ CRITICAL")) -> ⚠ CRITICAL
A17: Safexpress Pvt Ltd | B17: 3PL Partner | C17: =SUMIF(Invoice_Register!B5:B34,A17,Invoice_Register!G5:G34) -> 678000 | D17: =SUMIF(Invoice_Register!B5:B34,A17,Invoice_Register!H5:H34) -> 0 | E17: =C17-D17 -> 678000 | F17: =IF(E17=0,"PAID",IF(D17=0,"UNPAID","PARTIAL")) -> UNPAID | G17: =IF(E17=0,"✓ CLEARED",IF(E17<300000,"⚠ MONITOR","⚠ CRITICAL")) -> ⚠ CRITICAL
A18: DHL Express India | B18: Courier & Express | C18: =SUMIF(Invoice_Register!B5:B34,A18,Invoice_Register!G5:G34) -> 425000 | D18: =SUMIF(Invoice_Register!B5:B34,A18,Invoice_Register!H5:H34) -> 425000 | E18: =C18-D18 -> 0 | F18: =IF(E18=0,"PAID",IF(D18=0,"UNPAID","PARTIAL")) -> PAID | G18: =IF(E18=0,"✓ CLEARED",IF(E18<300000,"⚠ MONITOR","⚠ CRITICAL")) -> ✓ CLEARED
A19: VRL Logistics Ltd | B19: Surface Transport | C19: =SUMIF(Invoice_Register!B5:B34,A19,Invoice_Register!G5:G34) -> 345000 | D19: =SUMIF(Invoice_Register!B5:B34,A19,Invoice_Register!H5:H34) -> 0 | E19: =C19-D19 -> 345000 | F19: =IF(E19=0,"PAID",IF(D19=0,"UNPAID","PARTIAL")) -> UNPAID | G19: =IF(E19=0,"✓ CLEARED",IF(E19<300000,"⚠ MONITOR","⚠ CRITICAL")) -> ⚠ CRITICAL
A20: Aramex India | B20: Courier & Express | C20: =SUMIF(Invoice_Register!B5:B34,A20,Invoice_Register!G5:G34) -> 156000 | D20: =SUMIF(Invoice_Register!B5:B34,A20,Invoice_Register!H5:H34) -> 156000 | E20: =C20-D20 -> 0 | F20: =IF(E20=0,"PAID",IF(D20=0,"UNPAID","PARTIAL")) -> PAID | G20: =IF(E20=0,"✓ CLEARED",IF(E20<300000,"⚠ MONITOR","⚠ CRITICAL")) -> ✓ CLEARED
A21: Shadowfax Technologies | B21: Last Mile Delivery | C21: =SUMIF(Invoice_Register!B5:B34,A21,Invoice_Register!G5:G34) -> 198000 | D21: =SUMIF(Invoice_Register!B5:B34,A21,Invoice_Register!H5:H34) -> 0 | E21: =C21-D21 -> 198000 | F21: =IF(E21=0,"PAID",IF(D21=0,"UNPAID","PARTIAL")) -> UNPAID | G21: =IF(E21=0,"✓ CLEARED",IF(E21<300000,"⚠ MONITOR","⚠ CRITICAL")) -> ⚠ MONITOR
A22: Rivigo Services Pvt Ltd | B22: 3PL Partner | C22: =SUMIF(Invoice_Register!B5:B34,A22,Invoice_Register!G5:G34) -> 567000 | D22: =SUMIF(Invoice_Register!B5:B34,A22,Invoice_Register!H5:H34) -> 567000 | E22: =C22-D22 -> 0 | F22: =IF(E22=0,"PAID",IF(D22=0,"UNPAID","PARTIAL")) -> PAID | G22: =IF(E22=0,"✓ CLEARED",IF(E22<300000,"⚠ MONITOR","⚠ CRITICAL")) -> ✓ CLEARED
A23: BlackBuck Logistics | B23: 3PL Partner | C23: =SUMIF(Invoice_Register!B5:B34,A23,Invoice_Register!G5:G34) -> 845000 | D23: =SUMIF(Invoice_Register!B5:B34,A23,Invoice_Register!H5:H34) -> 0 | E23: =C23-D23 -> 845000 | F23: =IF(E23=0,"PAID",IF(D23=0,"UNPAID","PARTIAL")) -> UNPAID | G23: =IF(E23=0,"✓ CLEARED",IF(E23<300000,"⚠ MONITOR","⚠ CRITICAL")) -> ⚠ CRITICAL
A24: Future Supply Chain | B24: Freight Forwarding | C24: =SUMIF(Invoice_Register!B5:B34,A24,Invoice_Register!G5:G34) -> 723000 | D24: =SUMIF(Invoice_Register!B5:B34,A24,Invoice_Register!H5:H34) -> 0 | E24: =C24-D24 -> 723000 | F24: =IF(E24=0,"PAID",IF(D24=0,"UNPAID","PARTIAL")) -> UNPAID | G24: =IF(E24=0,"✓ CLEARED",IF(E24<300000,"⚠ MONITOR","⚠ CRITICAL")) -> ⚠ CRITICAL
A25: Snowman Logistics | B25: 3PL Partner | C25: =SUMIF(Invoice_Register!B5:B34,A25,Invoice_Register!G5:G34) -> 489000 | D25: =SUMIF(Invoice_Register!B5:B34,A25,Invoice_Register!H5:H34) -> 0 | E25: =C25-D25 -> 489000 | F25: =IF(E25=0,"PAID",IF(D25=0,"UNPAID","PARTIAL")) -> UNPAID | G25: =IF(E25=0,"✓ CLEARED",IF(E25<300000,"⚠ MONITOR","⚠ CRITICAL")) -> ⚠ CRITICAL
A26: Container Corp India | B26: Freight Forwarding | C26: =SUMIF(Invoice_Register!B5:B34,A26,Invoice_Register!G5:G34) -> 1234000 | D26: =SUMIF(Invoice_Register!B5:B34,A26,Invoice_Register!H5:H34) -> 1234000 | E26: =C26-D26 -> 0 | F26: =IF(E26=0,"PAID",IF(D26=0,"UNPAID","PARTIAL")) -> PAID | G26: =IF(E26=0,"✓ CLEARED",IF(E26<300000,"⚠ MONITOR","⚠ CRITICAL")) -> ✓ CLEARED
A27: Concor | B27: Freight Forwarding | C27: =SUMIF(Invoice_Register!B5:B34,A27,Invoice_Register!G5:G34) -> 678000 | D27: =SUMIF(Invoice_Register!B5:B34,A27,Invoice_Register!H5:H34) -> 0 | E27: =C27-D27 -> 678000 | F27: =IF(E27=0,"PAID",IF(D27=0,"UNPAID","PARTIAL")) -> UNPAID | G27: =IF(E27=0,"✓ CLEARED",IF(E27<300000,"⚠ MONITOR","⚠ CRITICAL")) -> ⚠ CRITICAL
A28: Patel Integrated Logistics | B28: Surface Transport | C28: =SUMIF(Invoice_Register!B5:B34,A28,Invoice_Register!G5:G34) -> 357000 | D28: =SUMIF(Invoice_Register!B5:B34,A28,Invoice_Register!H5:H34) -> 0 | E28: =C28-D28 -> 357000 | F28: =IF(E28=0,"PAID",IF(D28=0,"UNPAID","PARTIAL")) -> UNPAID | G28: =IF(E28=0,"✓ CLEARED",IF(E28<300000,"⚠ MONITOR","⚠ CRITICAL")) -> ⚠ CRITICAL
A29: Apollo Supply Chain | B29: 3PL Partner | C29: =SUMIF(Invoice_Register!B5:B34,A29,Invoice_Register!G5:G34) -> 415000 | D29: =SUMIF(Invoice_Register!B5:B34,A29,Invoice_Register!H5:H34) -> 0 | E29: =C29-D29 -> 415000 | F29: =IF(E29=0,"PAID",IF(D29=0,"UNPAID","PARTIAL")) -> UNPAID | G29: =IF(E29=0,"✓ CLEARED",IF(E29<300000,"⚠ MONITOR","⚠ CRITICAL")) -> ⚠ CRITICAL
A30: DRS Logistics | B30: Last Mile Delivery | C30: =SUMIF(Invoice_Register!B5:B34,A30,Invoice_Register!G5:G34) -> 234000 | D30: =SUMIF(Invoice_Register!B5:B34,A30,Invoice_Register!H5:H34) -> 234000 | E30: =C30-D30 -> 0 | F30: =IF(E30=0,"PAID",IF(D30=0,"UNPAID","PARTIAL")) -> PAID | G30: =IF(E30=0,"✓ CLEARED",IF(E30<300000,"⚠ MONITOR","⚠ CRITICAL")) -> ✓ CLEARED
A31: Bombay Tiffin Suppliers | B31: Last Mile Delivery | C31: =SUMIF(Invoice_Register!B5:B34,A31,Invoice_Register!G5:G34) -> 167000 | D31: =SUMIF(Invoice_Register!B5:B34,A31,Invoice_Register!H5:H34) -> 0 | E31: =C31-D31 -> 167000 | F31: =IF(E31=0,"PAID",IF(D31=0,"UNPAID","PARTIAL")) -> UNPAID | G31: =IF(E31=0,"✓ CLEARED",IF(E31<300000,"⚠ MONITOR","⚠ CRITICAL")) -> ⚠ MONITOR
A32: ProConnect Supply Chain | B32: 3PL Partner | C32: =SUMIF(Invoice_Register!B5:B34,A32,Invoice_Register!G5:G34) -> 545000 | D32: =SUMIF(Invoice_Register!B5:B34,A32,Invoice_Register!H5:H34) -> 0 | E32: =C32-D32 -> 545000 | F32: =IF(E32=0,"PAID",IF(D32=0,"UNPAID","PARTIAL")) -> UNPAID | G32: =IF(E32=0,"✓ CLEARED",IF(E32<300000,"⚠ MONITOR","⚠ CRITICAL")) -> ⚠ CRITICAL
A33: J.M. Baxi Group | B33: Freight Forwarding | C33: =SUMIF(Invoice_Register!B5:B34,A33,Invoice_Register!G5:G34) -> 890000 | D33: =SUMIF(Invoice_Register!B5:B34,A33,Invoice_Register!H5:H34) -> 890000 | E33: =C33-D33 -> 0 | F33: =IF(E33=0,"PAID",IF(D33=0,"UNPAID","PARTIAL")) -> PAID | G33: =IF(E33=0,"✓ CLEARED",IF(E33<300000,"⚠ MONITOR","⚠ CRITICAL")) -> ✓ CLEARED
A34: Sical Logistics | B34: Surface Transport | C34: =SUMIF(Invoice_Register!B5:B34,A34,Invoice_Register!G5:G34) -> 300000 | D34: =SUMIF(Invoice_Register!B5:B34,A34,Invoice_Register!H5:H34) -> 0 | E34: =C34-D34 -> 300000 | F34: =IF(E34=0,"PAID",IF(D34=0,"UNPAID","PARTIAL")) -> UNPAID | G34: =IF(E34=0,"✓ CLEARED",IF(E34<300000,"⚠ MONITOR","⚠ CRITICAL")) -> ⚠ CRITICAL
A35: TOTAL | C35: =SUM(C5:C34) -> 14173000 | D35: =SUM(D5:D34) -> 6511000 | E35: =SUM(E5:E34) -> 7662000

Sheet Category_Analysis
A1: VENDOR CATEGORY ANALYSIS — AP Spend & Outstanding
A2: Category-wise rollup using SUMIF / COUNTIF from Invoice_Register
A4: Vendor Category | B4: No. of Invoices | C4: Total Invoiced (₹) | D4: Amount Paid (₹) | E4: Outstanding (₹) | F4: % Outstanding
A5: 3PL Partner | B5: =COUNTIF(Invoice_Register!C5:C34,A5) -> 7 | C5: =SUMIF(Invoice_Register!C5:C34,A5,Invoice_Register!G5:G34) -> 4059000 | D5: =SUMIF(Invoice_Register!C5:C34,A5,Invoice_Register!H5:H34) -> 1087000 | E5: =C5-D5 -> 2972000 | F5: =IFERROR(E5/C5,0) -> 0.73220005
A6: Courier & Express | B6: =COUNTIF(Invoice_Register!C5:C34,A6) -> 5 | C6: =SUMIF(Invoice_Register!C5:C34,A6,Invoice_Register!G5:G34) -> 1186500 | D6: =SUMIF(Invoice_Register!C5:C34,A6,Invoice_Register!H5:H34) -> 1186500 | E6: =C6-D6 -> 0 | F6: =IFERROR(E6/C6,0) -> 0
A7: Freight Forwarding | B7: =COUNTIF(Invoice_Register!C5:C34,A7) -> 6 | C7: =SUMIF(Invoice_Register!C5:C34,A7,Invoice_Register!G5:G34) -> 5391000 | D7: =SUMIF(Invoice_Register!C5:C34,A7,Invoice_Register!H5:H34) -> 3014000 | E7: =C7-D7 -> 2377000 | F7: =IFERROR(E7/C7,0) -> 0.44092005
A8: Last Mile Delivery | B8: =COUNTIF(Invoice_Register!C5:C34,A8) -> 6 | C8: =SUMIF(Invoice_Register!C5:C34,A8,Invoice_Register!G5:G34) -> 1779500 | D8: =SUMIF(Invoice_Register!C5:C34,A8,Invoice_Register!H5:H34) -> 468500 | E8: =C8-D8 -> 1311000 | F8: =IFERROR(E8/C8,0) -> 0.7367238
A9: Surface Transport | B9: =COUNTIF(Invoice_Register!C5:C34,A9) -> 6 | C9: =SUMIF(Invoice_Register!C5:C34,A9,Invoice_Register!G5:G34) -> 1757000 | D9: =SUMIF(Invoice_Register!C5:C34,A9,Invoice_Register!H5:H34) -> 755000 | E9: =C9-D9 -> 1002000 | F9: =IFERROR(E9/C9,0) -> 0.57029027
A10: TOTAL | B10: =SUM(B5:B9) -> 30 | C10: =SUM(C5:C9) -> 14173000 | D10: =SUM(D5:D9) -> 6511000 | E10: =SUM(E5:E9) -> 7662000 | F10: =IFERROR(E10/C10,0) -> 0.54060538
